{"energy": 2.8000000000000003e-08, "phase": 0.0, "superposition": 0.49999999975, "lion": 0.16666667591666665, "vec8": [2.7999999999650003e-08, 0.0, 0.49999999974375, 0.1666666759145833, 0.09999999999875, 0.09999999999875, 0.09999999999875, 0.09999999999875], "vec14": [2.7999999999650003e-08, 0.0, 0.49999999974375, 0.1666666759145833, 0.09999999999875, 0.09999999999875, 0.09999999999875, 0.09999999999875, 0.09999999999875, 0.09999999999875, 0.09999999999875, 0.09999999999875, 0.1666666759145833, 0.49999999974375], "timestamp": 1763702070.9232159}