{
  "root": "/Users/lj/Desktop/sky",
  "description": "Digit-reversal coordinate mapping examples for 8XD engine with base-8 omega projection and mirror orbits. Key lock: (0,0,248) \u2192 scalar=0.8420000000...",
  "examples": [
    {
      "xyz": [
        0,
        0,
        1
      ],
      "scalar": 0.1,
      "scalar_base8": "0.0631463146314631",
      "vec14": [
        0.1,
        0.08000000000000002,
        0.06,
        0.04000000000000001,
        0.020000000000000004,
        0.010000000000000002,
        0.005000000000000001,
        0.005000000000000001,
        0.010000000000000002,
        0.020000000000000004,
        0.04000000000000001,
        0.06,
        0.08000000000000002,
        0.1
      ],
      "omega_orbit": [
        0.1,
        0.09999999999126885,
        0.09999999999126885,
        0.09999999999126885,
        0.09999999999126885,
        0.09999999999126885,
        0.09999999999126885,
        0.09999999999126885,
        0.09999999999126885,
        0.09999999999126885,
        0.09999999999126885,
        0.09999999999126885,
        0.09999999999126885,
        0.09999999999126885,
        0.09999999999126885,
        0.09999999999126885
      ]
    },
    {
      "xyz": [
        0,
        0,
        10
      ],
      "scalar": 0.01,
      "scalar_base8": "0.0050753412172702",
      "vec14": [
        0.01,
        0.008,
        0.006,
        0.004,
        0.002,
        0.001,
        0.0005,
        0.0005,
        0.001,
        0.002,
        0.004,
        0.006,
        0.008,
        0.01
      ],
      "omega_orbit": [
        0.01,
        0.00999999999476131,
        0.00999999999476131,
        0.00999999999476131,
        0.00999999999476131,
        0.00999999999476131,
        0.00999999999476131,
        0.00999999999476131,
        0.00999999999476131,
        0.00999999999476131,
        0.00999999999476131,
        0.00999999999476131,
        0.00999999999476131,
        0.00999999999476131,
        0.00999999999476131,
        0.00999999999476131
      ]
    },
    {
      "xyz": [
        0,
        0,
        369
      ],
      "scalar": 0.963,
      "scalar_base8": "0.7550345300406111",
      "vec14": [
        0.963,
        0.7704,
        0.5778,
        0.3852,
        0.1926,
        0.0963,
        0.04815,
        0.04815,
        0.0963,
        0.1926,
        0.3852,
        0.5778,
        0.7704,
        0.963
      ],
      "omega_orbit": [
        0.963,
        0.9629999999888241,
        0.9629999999888241,
        0.9629999999888241,
        0.9629999999888241,
        0.9629999999888241,
        0.9629999999888241,
        0.9629999999888241,
        0.9629999999888241,
        0.9629999999888241,
        0.9629999999888241,
        0.9629999999888241,
        0.9629999999888241,
        0.9629999999888241,
        0.9629999999888241,
        0.9629999999888241
      ]
    },
    {
      "xyz": [
        0,
        0,
        248
      ],
      "scalar": 0.842,
      "scalar_base8": "0.6570651767635544",
      "vec14": [
        0.842,
        0.6736,
        0.5052,
        0.3368,
        0.1684,
        0.0842,
        0.0421,
        0.0421,
        0.0842,
        0.1684,
        0.3368,
        0.5052,
        0.6736,
        0.842
      ],
      "omega_orbit": [
        0.842,
        0.841999999989639,
        0.841999999989639,
        0.841999999989639,
        0.841999999989639,
        0.841999999989639,
        0.841999999989639,
        0.841999999989639,
        0.841999999989639,
        0.841999999989639,
        0.841999999989639,
        0.841999999989639,
        0.841999999989639,
        0.841999999989639,
        0.841999999989639,
        0.841999999989639
      ]
    }
  ]
}