{
  "description": "Omega mirror orbits for key synchronicities.",
  "examples": [
    {
      "xyz": [
        0,
        0,
        1
      ],
      "scalar": 0.1,
      "omega_orbit": [
        0.1,
        0.09999999999126885,
        0.09999999999126885,
        0.09999999999126885,
        0.09999999999126885,
        0.09999999999126885,
        0.09999999999126885,
        0.09999999999126885,
        0.09999999999126885,
        0.09999999999126885,
        0.09999999999126885,
        0.09999999999126885,
        0.09999999999126885,
        0.09999999999126885,
        0.09999999999126885,
        0.09999999999126885
      ]
    },
    {
      "xyz": [
        0,
        0,
        10
      ],
      "scalar": 0.01,
      "omega_orbit": [
        0.01,
        0.00999999999476131,
        0.00999999999476131,
        0.00999999999476131,
        0.00999999999476131,
        0.00999999999476131,
        0.00999999999476131,
        0.00999999999476131,
        0.00999999999476131,
        0.00999999999476131,
        0.00999999999476131,
        0.00999999999476131,
        0.00999999999476131,
        0.00999999999476131,
        0.00999999999476131,
        0.00999999999476131
      ]
    },
    {
      "xyz": [
        0,
        0,
        369
      ],
      "scalar": 0.963,
      "omega_orbit": [
        0.963,
        0.9629999999888241,
        0.9629999999888241,
        0.9629999999888241,
        0.9629999999888241,
        0.9629999999888241,
        0.9629999999888241,
        0.9629999999888241,
        0.9629999999888241,
        0.9629999999888241,
        0.9629999999888241,
        0.9629999999888241,
        0.9629999999888241,
        0.9629999999888241,
        0.9629999999888241,
        0.9629999999888241
      ]
    },
    {
      "xyz": [
        0,
        0,
        248
      ],
      "scalar": 0.842,
      "omega_orbit": [
        0.842,
        0.841999999989639,
        0.841999999989639,
        0.841999999989639,
        0.841999999989639,
        0.841999999989639,
        0.841999999989639,
        0.841999999989639,
        0.841999999989639,
        0.841999999989639,
        0.841999999989639,
        0.841999999989639,
        0.841999999989639,
        0.841999999989639,
        0.841999999989639,
        0.841999999989639
      ]
    }
  ]
}