{"timestamp": 1763626707.543647, "player_axes14": {"x": 0.0, "y": 0.46, "z": 0.963, "w": 0.625, "v": 0.3888888888888889, "u": 0.22912878474779202, "t": 0.36573145694100667, "a": 0.23, "b": 0.7115, "c": 0.4815, "d": 0.07500000000000001, "e": 0.125, "f": 0.15000000000000002, "g": 0.45987344860996515}, "player_raw": {"x": 0.0, "y": 64.0, "z": 369.0, "yaw": 45.0, "pitch": -20.0, "vx": 0.1, "vy": 0.05, "vz": 0.2}, "screen": {"width": 1920, "height": 1080}, "neighbors": {"angle_preview": [[0.0, 0.4901102727665265, 0.49011027276651997, 0.490110272766533, 0.490110272766533, 0.490110272766533, 0.490110272766533, 0.490110272766533], [0.8716604387756853, 0.9999999999989497, 0.9999999999989464, 0.999999999998953, 0.999999999998953, 0.999999999998953, 0.999999999998953, 0.999999999998953], [0.8716604387756853, 0.9999999999989497, 0.9999999999989464, 0.999999999998953, 0.999999999998953, 0.999999999998953, 0.999999999998953, 0.999999999998953], [0.8716604387756723, 0.9999999999989383, 0.999999999998935, 0.9999999999989415, 0.9999999999989415, 0.9999999999989415, 0.9999999999989415, 0.9999999999989415], [0.8716604387756984, 0.9999999999989612, 0.9999999999989578, 0.9999999999989642, 0.9999999999989642, 0.9999999999989642, 0.9999999999989642, 0.9999999999989642], [0.8716604387756723, 0.9999999999989383, 0.999999999998935, 0.9999999999989415, 0.9999999999989415, 0.9999999999989415, 0.9999999999989415, 0.9999999999989415], [0.8716604387756723, 0.9999999999989383, 0.999999999998935, 0.9999999999989415, 0.9999999999989415, 0.9999999999989415, 0.9999999999989415, 0.9999999999989415], [0.8716604387756723, 0.9999999999989383, 0.999999999998935, 0.9999999999989415, 0.9999999999989415, 0.9999999999989415, 0.9999999999989415, 0.9999999999989415]]}, "shadow_checker": {"base_color": [0.285, 0.5201296296296296, 0.5578762615825973], "shadow_preview": [[[0.285, 0.5201296296296296, 0.5578762615825973], [0.285, 0.5201296296296296, 0.5578762615825973], [0.285, 0.5201296296296296, 0.5578762615825973], [0.285, 0.5201296296296296, 0.5578762615825973], [0.285, 0.5201296296296296, 0.5578762615825973], [0.285, 0.5201296296296296, 0.5578762615825973], [0.285, 0.5201296296296296, 0.5578762615825973], [0.285, 0.5201296296296296, 0.5578762615825973]], [[0.0, 0.0, 0.0], [0.0, 0.0, 0.0], [0.0, 0.0, 0.0], [0.0, 0.0, 0.0], [0.0, 0.0, 0.0], [0.0, 0.0, 0.0], [0.0, 0.0, 0.0], [0.0, 0.0, 0.0]], [[0.285, 0.5201296296296296, 0.5578762615825973], [0.285, 0.5201296296296296, 0.5578762615825973], [0.285, 0.5201296296296296, 0.5578762615825973], [0.285, 0.5201296296296296, 0.5578762615825973], [0.285, 0.5201296296296296, 0.5578762615825973], [0.285, 0.5201296296296296, 0.5578762615825973], [0.285, 0.5201296296296296, 0.5578762615825973], [0.285, 0.5201296296296296, 0.5578762615825973]], [[0.0, 0.0, 0.0], [0.0, 0.0, 0.0], [0.0, 0.0, 0.0], [0.0, 0.0, 0.0], [0.0, 0.0, 0.0], [0.0, 0.0, 0.0], [0.0, 0.0, 0.0], [0.0, 0.0, 0.0]], [[0.285, 0.5201296296296296, 0.5578762615825973], [0.285, 0.5201296296296296, 0.5578762615825973], [0.285, 0.5201296296296296, 0.5578762615825973], [0.285, 0.5201296296296296, 0.5578762615825973], [0.285, 0.5201296296296296, 0.5578762615825973], [0.285, 0.5201296296296296, 0.5578762615825973], [0.285, 0.5201296296296296, 0.5578762615825973], [0.285, 0.5201296296296296, 0.5578762615825973]], [[0.0, 0.0, 0.0], [0.0, 0.0, 0.0], [0.0, 0.0, 0.0], [0.0, 0.0, 0.0], [0.0, 0.0, 0.0], [0.0, 0.0, 0.0], [0.0, 0.0, 0.0], [0.0, 0.0, 0.0]], [[0.285, 0.5201296296296296, 0.5578762615825973], [0.285, 0.5201296296296296, 0.5578762615825973], [0.285, 0.5201296296296296, 0.5578762615825973], [0.285, 0.5201296296296296, 0.5578762615825973], [0.285, 0.5201296296296296, 0.5578762615825973], [0.285, 0.5201296296296296, 0.5578762615825973], [0.285, 0.5201296296296296, 0.5578762615825973], [0.285, 0.5201296296296296, 0.5578762615825973]], [[0.0, 0.0, 0.0], [0.0, 0.0, 0.0], [0.0, 0.0, 0.0], [0.0, 0.0, 0.0], [0.0, 0.0, 0.0], [0.0, 0.0, 0.0], [0.0, 0.0, 0.0], [0.0, 0.0, 0.0]]], "light_preview": [[[0.999999999999, 0.999999999999, 0.999999999999], [0.999999999999, 0.999999999999, 0.999999999999], [0.999999999999, 0.999999999999, 0.999999999999], [0.999999999999, 0.999999999999, 0.999999999999], [0.999999999999, 0.999999999999, 0.999999999999], [0.999999999999, 0.999999999999, 0.999999999999], [0.999999999999, 0.999999999999, 0.999999999999], [0.999999999999, 0.999999999999, 0.999999999999]], [[0.285, 0.5201296296296296, 0.5578762615825973], [0.285, 0.5201296296296296, 0.5578762615825973], [0.285, 0.5201296296296296, 0.5578762615825973], [0.285, 0.5201296296296296, 0.5578762615825973], [0.285, 0.5201296296296296, 0.5578762615825973], [0.285, 0.5201296296296296, 0.5578762615825973], [0.285, 0.5201296296296296, 0.5578762615825973], [0.285, 0.5201296296296296, 0.5578762615825973]], [[0.999999999999, 0.999999999999, 0.999999999999], [0.999999999999, 0.999999999999, 0.999999999999], [0.999999999999, 0.999999999999, 0.999999999999], [0.999999999999, 0.999999999999, 0.999999999999], [0.999999999999, 0.999999999999, 0.999999999999], [0.999999999999, 0.999999999999, 0.999999999999], [0.999999999999, 0.999999999999, 0.999999999999], [0.999999999999, 0.999999999999, 0.999999999999]], [[0.285, 0.5201296296296296, 0.5578762615825973], [0.285, 0.5201296296296296, 0.5578762615825973], [0.285, 0.5201296296296296, 0.5578762615825973], [0.285, 0.5201296296296296, 0.5578762615825973], [0.285, 0.5201296296296296, 0.5578762615825973], [0.285, 0.5201296296296296, 0.5578762615825973], [0.285, 0.5201296296296296, 0.5578762615825973], [0.285, 0.5201296296296296, 0.5578762615825973]], [[0.999999999999, 0.999999999999, 0.999999999999], [0.999999999999, 0.999999999999, 0.999999999999], [0.999999999999, 0.999999999999, 0.999999999999], [0.999999999999, 0.999999999999, 0.999999999999], [0.999999999999, 0.999999999999, 0.999999999999], [0.999999999999, 0.999999999999, 0.999999999999], [0.999999999999, 0.999999999999, 0.999999999999], [0.999999999999, 0.999999999999, 0.999999999999]], [[0.285, 0.5201296296296296, 0.5578762615825973], [0.285, 0.5201296296296296, 0.5578762615825973], [0.285, 0.5201296296296296, 0.5578762615825973], [0.285, 0.5201296296296296, 0.5578762615825973], [0.285, 0.5201296296296296, 0.5578762615825973], [0.285, 0.5201296296296296, 0.5578762615825973], [0.285, 0.5201296296296296, 0.5578762615825973], [0.285, 0.5201296296296296, 0.5578762615825973]], [[0.999999999999, 0.999999999999, 0.999999999999], [0.999999999999, 0.999999999999, 0.999999999999], [0.999999999999, 0.999999999999, 0.999999999999], [0.999999999999, 0.999999999999, 0.999999999999], [0.999999999999, 0.999999999999, 0.999999999999], [0.999999999999, 0.999999999999, 0.999999999999], [0.999999999999, 0.999999999999, 0.999999999999], [0.999999999999, 0.999999999999, 0.999999999999]], [[0.285, 0.5201296296296296, 0.5578762615825973], [0.285, 0.5201296296296296, 0.5578762615825973], [0.285, 0.5201296296296296, 0.5578762615825973], [0.285, 0.5201296296296296, 0.5578762615825973], [0.285, 0.5201296296296296, 0.5578762615825973], [0.285, 0.5201296296296296, 0.5578762615825973], [0.285, 0.5201296296296296, 0.5578762615825973], [0.285, 0.5201296296296296, 0.5578762615825973]]]}, "light_checker": {"base_color": [0.1885771523136689, 0.20329114953665506, 0.6826666666666666],