{"source": "8xd_mic_engine", "version": 1, "timestamp": 1763627052.878601, "axes14": [0.1875229711129552, 0.19562188535928726, 0.6666666666666667, 0.26314074134005255, 0.062249760639166464, 0.008686178041572339, 0.26314074134005255, 0.10417942839608625, 0.04112077803079358, 0.009727716721772325, 0.001357381594976463, 0.007782101167315175, 0.33767642235411954, 0.16269525098960952], "super8": [0.427094818889811, 0.2293813133496699, 0.0354679693403694, 0.1836600848680694, 0.025424247376282953, 0.004569741381145819, 0.25018583667186456, 0.13558550071044576], "bands01": [0.6666666666666667, 0.26314074134005255, 0.062249760639166464, 0.008686178041572339], "rms": 0.0468807427782388, "peak": 0.1564975082874298, "bpm_like": 0.26314074134005255, "phase": 0.007782101167315175}